Word,Count
*,102
the,78
of,29
,23
graph,23
vertex,21
@param,16
to,14
if,14
in,14
a,13
is,13
@throws,13
edge,10
An,10
not,9
Returns,9
IllegalArgumentException,9
path,8
start,7
The,7
shortest,6
all,6
@return,6
topological,6
ID,6
that,6
type,5
id,5
invalid,5
set,5
has,5
object,4
called,4
weighing,4
IllegalStateException,4
interface,4
been,4
locations,4
Computes,4
an,4
<E>,4
list,4
be,3
end,3
and,3
last,3
for,3
it,3
directed,3
or,3
cost,3
vertices,3
attribute,3
every,3
weight,3
arbitrary,3
does,3
from,3
<V>,3
ordered,3
Sets,3
edges,3
target,2
\vertex,\,2
algorithm,2
order,2
by,2
source,2
were,2
Adds,2
targetID,2
endId,2
representing,2
A,2
data,2
srcID,2
methods,2
any,2
use,2
visits,2
since,2
defined,2
sorts,2
computeShortestPath,2
used,2
created,2
IDs,2
possible,2
edge-attribute,2
attached,2
exist,2
computation,2
sort,2
collection,2
algorithms,1
undiscovered,1
unique,1
weigh,1
determine,1
assigned,1
Edge-attribute,1
given,1
vertex-set,1
attach,1
no,1
fix,1
over,1
provided,1
defines,1
routing,1
Data,1
caffeine,1
discovered,1
1,1
\graph,\,1
new,1
Jim's,1
will,1
2,1
problem,1
edge-set,1
as,1
edgeID,1
Note,1
\addition,\,1
computing,1
valid,1
visited,1
NULL,1
represents,1
vertex-type,1
vertex-data,1
distribution,1
function,1
\exist,\,1
v,1
unresolved,1
outgoing,1
0,1
Auto-generated,1
which,1
fashion,1
where,1
connects,1
using,1
attr,1
returns,1
Sorts,1
each,1
edge-type,1
traversing,1
weights,1
element,1
empty,1
vertexID,1
solving,1
stub,1
Vertex-data,1
sum,1
In,1
are,1
have,1
specified,1
method,1
first,1
TODO,1
If,1
